Time(s)   ;dm/dt(kg/s); Mach      ; Vt(m/s)   ; Tt(K)
     0.000;      0.000;      0.000;      0.000;   2179.000
     0.020;      0.001;      0.018;     18.101;   2178.922
     0.040;      0.001;      0.020;     19.897;   2178.906
     0.060;      0.001;      0.015;     15.622;   2178.942
     0.080;      0.001;      0.014;     14.677;   2178.949
     0.100;      0.001;      0.021;     21.257;   2178.892
     0.120;      0.002;      0.028;     28.642;   2178.804
     0.140;      0.002;      0.029;     29.856;   2178.788
     0.160;      0.002;      0.025;     25.437;   2178.846
     0.180;      0.002;      0.032;     32.983;   2178.741
     0.200;      0.003;      0.038;     38.818;   2178.641
     0.220;      0.003;      0.039;     39.497;   2178.628
     0.240;      0.003;      0.040;     40.855;   2178.602
     0.260;      0.003;      0.043;     43.664;   2178.546
     0.280;      0.004;      0.049;     50.028;   2178.404
     0.300;      0.004;      0.049;     50.055;   2178.403
     0.320;      0.003;      0.047;     47.825;   2178.455
     0.340;      0.004;      0.050;     51.147;   2178.377
     0.360;      0.004;      0.056;     56.856;   2178.230
     0.380;      0.004;      0.059;     60.449;   2178.129
     0.400;      0.005;      0.063;     64.689;   2178.003
     0.420;      0.005;      0.065;     66.815;   2177.936
     0.440;      0.005;      0.071;     72.914;   2177.733
     0.460;      0.006;      0.079;     80.950;   2177.439
     0.480;      0.006;      0.084;     85.868;   2177.243
     0.500;      0.006;      0.089;     90.835;   2177.034
     0.520;      0.007;      0.095;     96.916;   2176.762
     0.540;      0.007;      0.103;    104.841;   2176.381
     0.560;      0.008;      0.109;    111.065;   2176.061
     0.580;      0.008;      0.115;    117.676;   2175.700
     0.600;      0.009;      0.121;    123.117;   2175.388
     0.620;      0.009;      0.127;    129.330;   2175.014
     0.640;      0.010;      0.132;    134.651;   2174.679
     0.660;      0.010;      0.136;    139.115;   2174.388
     0.680;      0.010;      0.140;    142.836;   2174.138
     0.700;      0.010;      0.145;    147.861;   2173.789
     0.720;      0.011;      0.148;    151.302;   2173.544
     0.740;      0.011;      0.150;    153.193;   2173.407
     0.760;      0.011;      0.153;    156.143;   2173.189
     0.780;      0.011;      0.155;    158.469;   2173.015
     0.800;      0.011;      0.158;    160.731;   2172.842
     0.820;      0.012;      0.160;    163.199;   2172.652
     0.840;      0.012;      0.162;    164.837;   2172.524
     0.860;      0.012;      0.163;    166.674;   2172.378
     0.880;      0.012;      0.165;    168.202;   2172.256
     0.900;      0.012;      0.166;    169.779;   2172.129
     0.920;      0.012;      0.168;    171.891;   2171.957
     0.940;      0.012;      0.170;    173.750;   2171.804
     0.960;      0.012;      0.170;    173.680;   2171.810
     0.980;      0.012;      0.170;    173.922;   2171.790
     1.000;      0.012;      0.171;    174.719;   2171.723
     1.020;      0.013;      0.173;    176.924;   2171.538
     1.040;      0.013;      0.175;    178.385;   2171.415
     1.060;      0.013;      0.177;    180.290;   2171.252
     1.080;      0.013;      0.179;    182.535;   2171.057
     1.100;      0.013;      0.181;    184.168;   2170.915
     1.120;      0.013;      0.182;    185.293;   2170.815
     1.140;      0.013;      0.184;    187.485;   2170.620
     1.160;      0.013;      0.186;    189.736;   2170.418
     1.180;      0.014;      0.188;    192.259;   2170.188
     1.200;      0.014;      0.190;    193.928;   2170.034
     1.220;      0.014;      0.191;    195.226;   2169.914
     1.240;      0.014;      0.194;    197.452;   2169.705
     1.260;      0.014;      0.195;    199.002;   2169.558
     1.280;      0.014;      0.196;    200.120;   2169.452
     1.300;      0.015;      0.208;    212.049;   2168.279
     1.320;      0.016;      0.215;    218.936;   2167.570
     1.340;      0.016;      0.215;    218.970;   2167.567
     1.360;      0.016;      0.215;    219.272;   2167.535
     1.380;      0.016;      0.216;    220.351;   2167.422
     1.400;      0.016;      0.217;    221.798;   2167.269
     1.420;      0.016;      0.220;    224.827;   2166.946
     1.440;      0.016;      0.223;    227.328;   2166.676
     1.460;      0.016;      0.224;    228.081;   2166.595
     1.480;      0.016;      0.226;    230.757;   2166.301
     1.500;      0.016;      0.220;    224.355;   2166.997
     1.520;      0.016;      0.217;    221.262;   2167.326
     1.540;      0.016;      0.220;    223.997;   2167.035
     1.560;      0.016;      0.223;    228.004;   2166.603
     1.580;      0.016;      0.225;    229.590;   2166.430
     1.600;      0.016;      0.227;    232.088;   2166.154
     1.620;      0.016;      0.228;    232.448;   2166.114
     1.640;      0.016;      0.227;    231.346;   2166.236
     1.660;      0.016;      0.228;    232.483;   2166.111
     1.680;      0.016;      0.228;    232.727;   2166.083
     1.700;      0.016;      0.226;    230.686;   2166.309
     1.720;      0.016;      0.226;    231.034;   2166.271
     1.740;      0.016;      0.227;    231.454;   2166.225
     1.760;      0.016;      0.226;    230.277;   2166.354
     1.780;      0.016;      0.225;    229.746;   2166.413
     1.800;      0.016;      0.225;    229.099;   2166.483
     1.820;      0.016;      0.223;    227.426;   2166.666
     1.840;      0.016;      0.223;    227.986;   2166.605
     1.860;      0.016;      0.224;    228.542;   2166.544
     1.880;      0.016;      0.223;    227.218;   2166.688
     1.900;      0.016;      0.224;    228.314;   2166.569
     1.920;      0.016;      0.225;    229.931;   2166.392
     1.940;      0.016;      0.226;    230.077;   2166.376
     1.960;      0.016;      0.227;    231.434;   2166.227
     1.980;      0.017;      0.229;    233.987;   2165.943
     2.000;      0.017;      0.231;    235.520;   2165.771
     2.020;      0.017;      0.233;    238.119;   2165.477
     2.040;      0.017;      0.236;    240.734;   2165.178
     2.060;      0.017;      0.237;    241.611;   2165.077
     2.080;      0.017;      0.240;    244.380;   2164.756
     2.100;      0.018;      0.242;    247.134;   2164.433
     2.120;      0.018;      0.243;    248.422;   2164.280
     2.140;      0.018;      0.246;    251.131;   2163.957
     2.160;      0.018;      0.249;    253.655;   2163.653
     2.180;      0.018;      0.250;    255.189;   2163.466
     2.200;      0.018;      0.252;    257.004;   2163.244
     2.220;      0.018;      0.254;    259.037;   2162.994
     2.240;      0.018;      0.255;    259.903;   2162.886
     2.260;      0.019;      0.257;    262.053;   2162.618
     2.280;      0.019;      0.259;    264.646;   2162.292
     2.300;      0.019;      0.260;    265.731;   2162.155
     2.320;      0.019;      0.261;    266.695;   2162.032
     2.340;      0.019;      0.263;    268.315;   2161.825
     2.360;      0.019;      0.264;    269.314;   2161.696
     2.380;      0.019;      0.265;    270.737;   2161.513
     2.400;      0.019;      0.268;    273.267;   2161.184
     2.420;      0.019;      0.269;    274.056;   2161.081
     2.440;      0.020;      0.270;    275.049;   2160.951
     2.460;      0.020;      0.271;    276.744;   2160.727
     2.480;      0.020;      0.273;    278.149;   2160.541
     2.500;      0.020;      0.274;    279.391;   2160.375
     2.520;      0.020;      0.276;    281.926;   2160.035
     2.540;      0.020;      0.277;    283.066;   2159.881
     2.560;      0.020;      0.278;    283.747;   2159.789
     2.580;      0.020;      0.280;    285.257;   2159.584
     2.600;      0.020;      0.281;    286.303;   2159.441
     2.620;      0.020;      0.282;    287.599;   2159.263
     2.640;      0.021;      0.284;    289.661;   2158.979
     2.660;      0.021;      0.285;    290.858;   2158.812
     2.680;      0.021;      0.286;    291.341;   2158.745
     2.700;      0.021;      0.287;    292.646;   2158.563
     2.720;      0.021;      0.287;    292.630;   2158.565
     2.740;      0.021;      0.287;    292.745;   2158.549
     2.760;      0.021;      0.288;    294.280;   2158.334
     2.780;      0.021;      0.289;    295.061;   2158.224
     2.800;      0.021;      0.289;    295.114;   2158.216
     2.820;      0.021;      0.290;    296.365;   2158.039
     2.840;      0.021;      0.291;    296.503;   2158.020
     2.860;      0.021;      0.291;    296.758;   2157.984
     2.880;      0.021;      0.292;    297.465;   2157.883
     2.900;      0.021;      0.292;    297.919;   2157.818
     2.920;      0.021;      0.292;    298.420;   2157.747
     2.940;      0.021;      0.294;    300.353;   2157.470
     2.960;      0.021;      0.295;    301.100;   2157.363
     2.980;      0.021;      0.295;    301.022;   2157.374
     3.000;      0.021;      0.296;    301.784;   2157.264
     3.020;      0.021;      0.296;    302.167;   2157.209
     3.040;      0.022;      0.297;    303.073;   2157.078
     3.060;      0.022;      0.298;    304.233;   2156.909
     3.080;      0.022;      0.299;    305.113;   2156.781
     3.100;      0.022;      0.299;    305.586;   2156.712
     3.120;      0.022;      0.300;    306.464;   2156.584
     3.140;      0.022;      0.301;    306.795;   2156.535
     3.160;      0.022;      0.301;    307.403;   2156.446
     3.180;      0.022;      0.303;    308.873;   2156.229
     3.200;      0.022;      0.304;    309.860;   2156.083
     3.220;      0.022;      0.304;    310.211;   2156.031
     3.240;      0.022;      0.305;    311.241;   2155.878
     3.260;      0.022;      0.305;    311.408;   2155.853
     3.280;      0.022;      0.305;    311.438;   2155.849
     3.300;      0.022;      0.306;    312.336;   2155.715
     3.320;      0.022;      0.307;    313.266;   2155.576
     3.340;      0.022;      0.307;    312.838;   2155.640
     3.360;      0.022;      0.307;    313.388;   2155.557
     3.380;      0.022;      0.308;    313.884;   2155.483
     3.400;      0.022;      0.307;    313.328;   2155.566
     3.420;      0.022;      0.307;    313.703;   2155.510
     3.440;      0.022;      0.308;    314.324;   2155.417
     3.460;      0.022;      0.309;    314.844;   2155.338
     3.480;      0.022;      0.309;    315.407;   2155.254
     3.500;      0.023;      0.310;    316.249;   2155.126
     3.520;      0.023;      0.310;    316.624;   2155.070
     3.540;      0.023;      0.311;    317.468;   2154.942
     3.560;      0.023;      0.311;    317.718;   2154.904
     3.580;      0.023;      0.311;    317.733;   2154.901
     3.600;      0.023;      0.312;    318.595;   2154.770
     3.620;      0.023;      0.313;    319.379;   2154.651
     3.640;      0.023;      0.313;    318.938;   2154.718
     3.660;      0.023;      0.313;    319.367;   2154.652
     3.680;      0.023;      0.314;    320.249;   2154.517
     3.700;      0.023;      0.314;    320.268;   2154.514
     3.720;      0.023;      0.314;    320.462;   2154.485
     3.740;      0.023;      0.315;    321.859;   2154.270
     3.760;      0.023;      0.316;    322.951;   2154.102
     3.780;      0.023;      0.318;    324.104;   2153.923
     3.800;      0.023;      0.319;    325.669;   2153.680
     3.820;      0.023;      0.320;    326.844;   2153.496
     3.840;      0.023;      0.321;    327.890;   2153.333
     3.860;      0.023;      0.322;    328.761;   2153.196
     3.880;      0.023;      0.322;    328.542;   2153.230
     3.900;      0.023;      0.323;    329.435;   2153.090
     3.920;      0.024;      0.324;    330.507;   2152.920
     3.940;      0.024;      0.324;    330.475;   2152.925
     3.960;      0.024;      0.324;    330.853;   2152.866
     3.980;      0.024;      0.324;    331.000;   2152.842
     4.000;      0.024;      0.324;    330.767;   2152.879
     4.020;      0.023;      0.323;    329.526;   2153.075
     4.040;      0.023;      0.323;    329.307;   2153.110
     4.060;      0.023;      0.323;    329.487;   2153.081
     4.080;      0.024;      0.323;    330.019;   2152.997
     4.100;      0.024;      0.323;    329.671;   2153.052
     4.120;      0.023;      0.323;    329.107;   2153.141
     4.140;      0.023;      0.322;    328.893;   2153.175
     4.160;      0.023;      0.322;    328.850;   2153.182
     4.180;      0.023;      0.322;    328.215;   2153.282
     4.200;      0.023;      0.320;    327.007;   2153.471
     4.220;      0.023;      0.321;    327.921;   2153.328
     4.240;      0.023;      0.322;    328.459;   2153.243
     4.260;      0.023;      0.322;    328.158;   2153.290
     4.280;      0.023;      0.322;    328.357;   2153.259
     4.300;      0.023;      0.323;    329.346;   2153.104
     4.320;      0.023;      0.323;    329.356;   2153.102
     4.340;      0.023;      0.323;    329.307;   2153.110
     4.360;      0.023;      0.322;    328.698;   2153.206
     4.380;      0.023;      0.322;    328.789;   2153.191
     4.400;      0.023;      0.323;    329.439;   2153.089
     4.420;      0.023;      0.323;    329.609;   2153.062
     4.440;      0.024;      0.324;    330.755;   2152.881
     4.460;      0.024;      0.324;    330.791;   2152.875
     4.480;      0.024;      0.324;    330.636;   2152.900
     4.500;      0.024;      0.323;    330.019;   2152.997
     4.520;      0.023;      0.323;    329.599;   2153.064
     4.540;      0.024;      0.323;    329.896;   2153.017
     4.560;      0.024;      0.324;    330.706;   2152.889
     4.580;      0.024;      0.325;    331.282;   2152.798
     4.600;      0.024;      0.325;    331.660;   2152.738
     4.620;      0.024;      0.325;    331.792;   2152.717
     4.640;      0.024;      0.325;    331.258;   2152.801
     4.660;      0.024;      0.326;    332.251;   2152.644
     4.680;      0.024;      0.326;    332.778;   2152.560
     4.700;      0.024;      0.326;    332.850;   2152.548
     4.720;      0.024;      0.327;    333.667;   2152.418
     4.740;      0.024;      0.327;    334.014;   2152.363
     4.760;      0.024;      0.327;    333.278;   2152.480
     4.780;      0.024;      0.326;    333.078;   2152.512
     4.800;      0.024;      0.327;    334.022;   2152.361
     4.820;      0.024;      0.328;    334.321;   2152.314
     4.840;      0.024;      0.327;    333.986;   2152.367
     4.860;      0.024;      0.327;    333.498;   2152.445
     4.880;      0.024;      0.327;    333.637;   2152.423
     4.900;      0.024;      0.327;    333.595;   2152.430
     4.920;      0.024;      0.327;    333.857;   2152.388
     4.940;      0.024;      0.328;    334.474;   2152.289
     4.960;      0.024;      0.329;    335.896;   2152.061
     4.980;      0.024;      0.330;    337.197;   2151.851
     5.000;      0.024;      0.331;    337.361;   2151.825
     5.020;      0.024;      0.332;    338.731;   2151.603
     5.040;      0.024;      0.332;    338.482;   2151.644
     5.060;      0.024;      0.331;    337.399;   2151.819
     5.080;      0.024;      0.330;    336.678;   2151.935
     5.100;      0.024;      0.331;    337.541;   2151.796
     5.120;      0.024;      0.333;    339.712;   2151.444
     5.140;      0.024;      0.334;    340.562;   2151.306
     5.160;      0.024;      0.333;    339.821;   2151.426
     5.180;      0.024;      0.332;    338.574;   2151.629
     5.200;      0.024;      0.332;    338.381;   2151.660
     5.220;      0.024;      0.331;    338.143;   2151.699
     5.240;      0.024;      0.332;    339.151;   2151.535
     5.260;      0.024;      0.333;    339.954;   2151.405
     5.280;      0.024;      0.334;    340.802;   2151.266
     5.300;      0.024;      0.334;    340.711;   2151.281
     5.320;      0.024;      0.332;    338.708;   2151.607
     5.340;      0.024;      0.331;    337.970;   2151.727
     5.360;      0.024;      0.332;    338.570;   2151.629
     5.380;      0.024;      0.332;    338.935;   2151.570
     5.400;      0.024;      0.332;    338.774;   2151.596
     5.420;      0.024;      0.331;    338.043;   2151.715
     5.440;      0.024;      0.331;    337.554;   2151.794
     5.460;      0.024;      0.332;    338.601;   2151.624
     5.480;      0.024;      0.332;    338.544;   2151.634
     5.500;      0.024;      0.331;    337.929;   2151.733
     5.520;      0.024;      0.331;    338.090;   2151.707
     5.540;      0.024;      0.331;    337.832;   2151.749
     5.560;      0.024;      0.331;    337.712;   2151.768
     5.580;      0.024;      0.331;    338.257;   2151.680
     5.600;      0.024;      0.331;    338.212;   2151.687
     5.620;      0.024;      0.331;    337.807;   2151.753
     5.640;      0.024;      0.331;    337.671;   2151.775
     5.660;      0.024;      0.331;    337.334;   2151.829
     5.680;      0.024;      0.331;    337.347;   2151.827
     5.700;      0.024;      0.331;    337.946;   2151.730
     5.720;      0.024;      0.331;    338.189;   2151.691
     5.740;      0.024;      0.331;    337.844;   2151.747
     5.760;      0.024;      0.331;    337.698;   2151.770
     5.780;      0.024;      0.330;    337.170;   2151.856
     5.800;      0.024;      0.330;    336.978;   2151.887
     5.820;      0.024;      0.330;    337.063;   2151.873
     5.840;      0.024;      0.330;    336.779;   2151.919
     5.860;      0.024;      0.330;    336.739;   2151.925
     5.880;      0.024;      0.330;    336.905;   2151.899
     5.900;      0.024;      0.330;    336.731;   2151.927
     5.920;      0.024;      0.329;    335.871;   2152.065
     5.940;      0.024;      0.329;    335.948;   2152.053
     5.960;      0.024;      0.329;    335.722;   2152.089
     5.980;      0.024;      0.329;    335.319;   2152.154
     6.000;      0.024;      0.328;    334.713;   2152.251
     6.020;      0.024;      0.328;    334.241;   2152.326
     6.040;      0.024;      0.328;    334.630;   2152.264
     6.060;      0.024;      0.328;    334.638;   2152.263
     6.080;      0.024;      0.328;    334.480;   2152.288
     6.100;      0.024;      0.327;    333.966;   2152.370
     6.120;      0.024;      0.328;    334.379;   2152.304
     6.140;      0.024;      0.327;    334.190;   2152.335
     6.160;      0.024;      0.327;    333.727;   2152.409
     6.180;      0.024;      0.327;    333.296;   2152.477
     6.200;      0.024;      0.327;    333.420;   2152.458
     6.220;      0.024;      0.327;    334.142;   2152.342
     6.240;      0.024;      0.328;    334.224;   2152.329
     6.260;      0.024;      0.327;    333.701;   2152.413
     6.280;      0.024;      0.327;    333.605;   2152.428
     6.300;      0.024;      0.327;    333.709;   2152.411
     6.320;      0.024;      0.327;    333.665;   2152.418
     6.340;      0.024;      0.326;    332.924;   2152.537
     6.360;      0.024;      0.326;    333.052;   2152.516
     6.380;      0.024;      0.327;    334.164;   2152.339
     6.400;      0.024;      0.328;    334.552;   2152.277
     6.420;      0.024;      0.327;    333.789;   2152.399
     6.440;      0.024;      0.327;    333.248;   2152.485
     6.460;      0.024;      0.326;    332.742;   2152.566
     6.480;      0.024;      0.325;    332.091;   2152.669
     6.500;      0.024;      0.326;    332.484;   2152.607
     6.520;      0.024;      0.326;    332.722;   2152.569
     6.540;      0.024;      0.326;    332.856;   2152.547
     6.560;      0.024;      0.326;    332.526;   2152.600
     6.580;      0.024;      0.325;    332.127;   2152.663
     6.600;      0.024;      0.325;    331.776;   2152.719
     6.620;      0.024;      0.326;    332.420;   2152.617
     6.640;      0.024;      0.326;    333.082;   2152.511
     6.660;      0.024;      0.327;    333.550;   2152.437
     6.680;      0.024;      0.327;    333.767;   2152.402
     6.700;      0.024;      0.327;    333.819;   2152.394
     6.720;      0.024;      0.327;    333.683;   2152.416
     6.740;      0.024;      0.327;    333.733;   2152.408
     6.760;      0.024;      0.328;    334.325;   2152.313
     6.780;      0.024;      0.328;    334.216;   2152.331
     6.800;      0.024;      0.328;    334.488;   2152.287
     6.820;      0.024;      0.327;    333.945;   2152.374
     6.840;      0.024;      0.327;    333.761;   2152.403
     6.860;      0.024;      0.327;    334.102;   2152.349
     6.880;      0.024;      0.328;    334.355;   2152.308
     6.900;      0.024;      0.327;    333.603;   2152.428
     6.920;      0.024;      0.326;    333.012;   2152.523
     6.940;      0.024;      0.327;    333.639;   2152.423
     6.960;      0.024;      0.326;    332.958;   2152.531
     6.980;      0.024;      0.326;    333.094;   2152.510
     7.000;      0.024;      0.327;    333.270;   2152.482
     7.020;      0.024;      0.327;    333.588;   2152.431
     7.040;      0.024;      0.327;    333.240;   2152.486
     7.060;      0.024;      0.326;    332.173;   2152.656
     7.080;      0.024;      0.325;    331.664;   2152.737
     7.100;      0.024;      0.326;    332.209;   2152.650
     7.120;      0.024;      0.326;    332.630;   2152.583
     7.140;      0.024;      0.325;    331.559;   2152.754
     7.160;      0.024;      0.325;    331.694;   2152.732
     7.180;      0.024;      0.325;    331.193;   2152.812
     7.200;      0.024;      0.324;    330.815;   2152.872
     7.220;      0.024;      0.324;    330.662;   2152.896
     7.240;      0.024;      0.324;    330.690;   2152.891
     7.260;      0.024;      0.324;    331.085;   2152.829
     7.280;      0.024;      0.324;    330.880;   2152.861
     7.300;      0.024;      0.324;    330.527;   2152.917
     7.320;      0.024;      0.323;    330.019;   2152.997
     7.340;      0.024;      0.324;    330.324;   2152.949
     7.360;      0.024;      0.324;    330.166;   2152.974
     7.380;      0.024;      0.324;    330.297;   2152.953
     7.400;      0.024;      0.324;    330.763;   2152.880
     7.420;      0.024;      0.324;    330.900;   2152.858
     7.440;      0.024;      0.324;    330.578;   2152.909
     7.460;      0.024;      0.324;    330.332;   2152.948
     7.480;      0.024;      0.324;    330.487;   2152.923
     7.500;      0.024;      0.324;    330.954;   2152.850
     7.520;      0.024;      0.325;    331.378;   2152.782
     7.540;      0.024;      0.325;    331.159;   2152.817
     7.560;      0.024;      0.324;    330.803;   2152.873
     7.580;      0.024;      0.324;    330.160;   2152.975
     7.600;      0.023;      0.323;    329.259;   2153.117
     7.620;      0.023;      0.322;    329.075;   2153.146
     7.640;      0.023;      0.323;    329.392;   2153.096
     7.660;      0.023;      0.323;    329.413;   2153.093
     7.680;      0.023;      0.322;    329.034;   2153.153
     7.700;      0.023;      0.322;    328.110;   2153.298
     7.720;      0.023;      0.321;    327.221;   2153.437
     7.740;      0.023;      0.321;    327.386;   2153.412
     7.760;      0.023;      0.321;    327.302;   2153.425
     7.780;      0.023;      0.321;    327.703;   2153.362
     7.800;      0.023;      0.321;    327.825;   2153.343
     7.820;      0.023;      0.321;    327.351;   2153.417
     7.840;      0.023;      0.320;    326.597;   2153.535
     7.860;      0.023;      0.320;    326.595;   2153.535
     7.880;      0.023;      0.320;    327.019;   2153.469
     7.900;      0.023;      0.321;    327.290;   2153.427
     7.920;      0.023;      0.321;    327.372;   2153.414
     7.940;      0.023;      0.320;    326.883;   2153.490
     7.960;      0.023;      0.321;    327.135;   2153.451
     7.980;      0.023;      0.321;    327.624;   2153.374
     8.000;      0.023;      0.322;    328.112;   2153.298
     8.020;      0.023;      0.322;    328.591;   2153.223
     8.040;      0.023;      0.323;    329.560;   2153.070
     8.060;      0.024;      0.324;    330.376;   2152.941
     8.080;      0.024;      0.324;    330.414;   2152.935
     8.100;      0.024;      0.324;    330.283;   2152.956
     8.120;      0.024;      0.324;    330.545;   2152.914
     8.140;      0.024;      0.324;    330.847;   2152.866
     8.160;      0.024;      0.325;    331.209;   2152.809
     8.180;      0.024;      0.324;    330.650;   2152.898
     8.200;      0.024;      0.324;    330.382;   2152.940
     8.220;      0.024;      0.323;    329.696;   2153.049
     8.240;      0.023;      0.322;    328.424;   2153.249
     8.260;      0.023;      0.321;    327.058;   2153.463
     8.280;      0.023;      0.320;    326.281;   2153.585
     8.300;      0.023;      0.319;    326.013;   2153.626
     8.320;      0.023;      0.319;    325.784;   2153.662
     8.340;      0.023;      0.319;    325.677;   2153.679
     8.360;      0.023;      0.319;    325.024;   2153.780
     8.380;      0.023;      0.318;    324.901;   2153.799
     8.400;      0.023;      0.317;    323.914;   2153.953
     8.420;      0.023;      0.317;    323.704;   2153.985
     8.440;      0.023;      0.318;    324.042;   2153.933
     8.460;      0.023;      0.318;    324.545;   2153.855
     8.480;      0.023;      0.319;    325.177;   2153.756
     8.500;      0.023;      0.319;    325.163;   2153.759
     8.520;      0.023;      0.318;    324.064;   2153.929
     8.540;      0.023;      0.317;    323.595;   2154.002
     8.560;      0.023;      0.317;    323.358;   2154.039
     8.580;      0.023;      0.317;    323.131;   2154.074
     8.600;      0.023;      0.316;    322.561;   2154.162
     8.620;      0.023;      0.316;    321.953;   2154.256
     8.640;      0.023;      0.315;    321.731;   2154.290
     8.660;      0.023;      0.314;    320.909;   2154.416
     8.680;      0.023;      0.313;    319.830;   2154.582
     8.700;      0.023;      0.313;    319.333;   2154.658
     8.720;      0.023;      0.313;    319.826;   2154.582
     8.740;      0.023;      0.313;    319.791;   2154.588
     8.760;      0.023;      0.313;    319.553;   2154.624
     8.780;      0.023;      0.313;    318.940;   2154.718
     8.800;      0.023;      0.313;    319.461;   2154.638
     8.820;      0.023;      0.313;    319.897;   2154.571
     8.840;      0.023;      0.313;    319.446;   2154.640
     8.860;      0.023;      0.313;    319.039;   2154.703
     8.880;      0.023;      0.312;    318.643;   2154.763
     8.900;      0.023;      0.312;    318.509;   2154.783
     8.920;      0.023;      0.312;    318.545;   2154.778
     8.940;      0.023;      0.313;    318.953;   2154.716
     8.960;      0.023;      0.313;    318.951;   2154.716
     8.980;      0.023;      0.313;    319.179;   2154.681
     9.000;      0.023;      0.313;    319.145;   2154.686
     9.020;      0.023;      0.313;    319.193;   2154.679
     9.040;      0.023;      0.313;    319.337;   2154.657
     9.060;      0.023;      0.314;    319.989;   2154.557
     9.080;      0.023;      0.314;    320.387;   2154.496
     9.100;      0.023;      0.314;    320.082;   2154.543
     9.120;      0.023;      0.314;    320.262;   2154.515
     9.140;      0.023;      0.313;    319.872;   2154.575
     9.160;      0.023;      0.313;    319.596;   2154.617
     9.180;      0.023;      0.313;    319.208;   2154.677
     9.200;      0.023;      0.312;    318.731;   2154.749
     9.220;      0.023;      0.312;    318.362;   2154.806
     9.240;      0.023;      0.312;    318.071;   2154.850
     9.260;      0.023;      0.311;    317.823;   2154.888
     9.280;      0.023;      0.312;    318.006;   2154.860
     9.300;      0.023;      0.312;    318.260;   2154.821
     9.320;      0.023;      0.311;    317.855;   2154.883
     9.340;      0.023;      0.311;    317.222;   2154.979
     9.360;      0.023;      0.311;    317.287;   2154.969
     9.380;      0.023;      0.311;    317.334;   2154.962
     9.400;      0.023;      0.311;    316.991;   2155.014
     9.420;      0.023;      0.310;    316.438;   2155.098
     9.440;      0.023;      0.310;    316.369;   2155.108
     9.460;      0.023;      0.310;    316.204;   2155.133
     9.480;      0.023;      0.310;    316.691;   2155.059
     9.500;      0.023;      0.310;    316.238;   2155.128
     9.520;      0.022;      0.309;    315.805;   2155.194
     9.540;      0.023;      0.310;    316.002;   2155.164
     9.560;      0.022;      0.309;    315.765;   2155.200
     9.580;      0.022;      0.310;    315.873;   2155.183
     9.600;      0.023;      0.310;    316.107;   2155.148
     9.620;      0.022;      0.309;    315.678;   2155.213
     9.640;      0.022;      0.309;    315.141;   2155.294
     9.660;      0.022;      0.308;    314.553;   2155.382
     9.680;      0.022;      0.307;    313.085;   2155.603
     9.700;      0.022;      0.306;    312.318;   2155.717
     9.720;      0.022;      0.306;    312.718;   2155.658
     9.740;      0.022;      0.307;    312.931;   2155.626
     9.760;      0.022;      0.307;    313.230;   2155.581
     9.780;      0.022;      0.307;    313.277;   2155.574
     9.800;      0.022;      0.307;    313.575;   2155.529
     9.820;      0.022;      0.307;    313.654;   2155.517
     9.840;      0.022;      0.308;    313.965;   2155.471
     9.860;      0.022;      0.308;    314.356;   2155.412
     9.880;      0.022;      0.309;    314.823;   2155.342
     9.900;      0.022;      0.309;    315.211;   2155.283
     9.920;      0.022;      0.308;    314.662;   2155.366
     9.940;      0.022;      0.308;    314.504;   2155.390
     9.960;      0.022;      0.308;    313.909;   2155.479
     9.980;      0.022;      0.307;    313.085;   2155.603
    10.000;      0.022;      0.306;    312.235;   2155.730
    10.020;      0.022;      0.306;    312.586;   2155.677
    10.040;      0.022;      0.306;    312.062;   2155.756
    10.060;      0.022;      0.305;    311.696;   2155.810
    10.080;      0.022;      0.305;    311.447;   2155.847
    10.100;      0.022;      0.305;    311.648;   2155.817
    10.120;      0.022;      0.305;    311.567;   2155.829
    10.140;      0.022;      0.305;    310.955;   2155.921
    10.160;      0.022;      0.304;    310.312;   2156.016
    10.180;      0.022;      0.304;    310.054;   2156.054
    10.200;      0.022;      0.304;    310.334;   2156.013
    10.220;      0.022;      0.304;    309.935;   2156.072
    10.240;      0.022;      0.303;    309.392;   2156.153
    10.260;      0.022;      0.303;    308.827;   2156.236
    10.280;      0.022;      0.303;    309.024;   2156.207
    10.300;      0.022;      0.303;    309.528;   2156.132
    10.320;      0.022;      0.304;    310.504;   2155.988
    10.340;      0.022;      0.305;    311.361;   2155.860
    10.360;      0.022;      0.306;    311.942;   2155.774
    10.380;      0.022;      0.306;    312.633;   2155.670
    10.400;      0.022;      0.306;    312.197;   2155.736
    10.420;      0.022;      0.306;    312.562;   2155.681
    10.440;      0.022;      0.307;    313.458;   2155.547
    10.460;      0.022;      0.308;    313.788;   2155.497
    10.480;      0.022;      0.307;    313.416;   2155.553
    10.500;      0.022;      0.307;    312.825;   2155.642
    10.520;      0.022;      0.306;    312.171;   2155.739
    10.540;      0.022;      0.306;    311.801;   2155.795
    10.560;      0.022;      0.305;    311.610;   2155.823
    10.580;      0.022;      0.305;    311.119;   2155.896
    10.600;      0.022;      0.305;    311.116;   2155.897
    10.620;      0.022;      0.305;    311.170;   2155.889
    10.640;      0.022;      0.305;    311.434;   2155.849
    10.660;      0.022;      0.305;    311.228;   2155.880
    10.680;      0.022;      0.305;    311.380;   2155.857
    10.700;      0.022;      0.305;    311.327;   2155.865
    10.720;      0.022;      0.305;    311.256;   2155.876
    10.740;      0.022;      0.305;    310.985;   2155.916
    10.760;      0.022;      0.305;    311.408;   2155.853
    10.780;      0.022;      0.306;    311.912;   2155.778
    10.800;      0.022;      0.306;    312.387;   2155.707
    10.820;      0.022;      0.306;    312.385;   2155.707
    10.840;      0.022;      0.306;    311.871;   2155.784
    10.860;      0.022;      0.306;    311.747;   2155.803
    10.880;      0.022;      0.305;    311.174;   2155.888
    10.900;      0.022;      0.305;    311.320;   2155.866
    10.920;      0.022;      0.305;    311.095;   2155.900
    10.940;      0.022;      0.305;    310.790;   2155.945
    10.960;      0.022;      0.304;    310.119;   2156.045
    10.980;      0.022;      0.304;    309.981;   2156.065
    11.000;      0.022;      0.303;    309.249;   2156.174
    11.020;      0.022;      0.303;    309.044;   2156.204
    11.040;      0.022;      0.303;    308.869;   2156.230
    11.060;      0.022;      0.303;    309.491;   2156.138
    11.080;      0.022;      0.303;    309.323;   2156.163
    11.100;      0.022;      0.302;    308.561;   2156.275
    11.120;      0.022;      0.302;    308.130;   2156.339
    11.140;      0.022;      0.302;    308.529;   2156.280
    11.160;      0.022;      0.303;    308.942;   2156.219
    11.180;      0.022;      0.303;    308.702;   2156.254
    11.200;      0.022;      0.303;    308.879;   2156.228
    11.220;      0.022;      0.302;    308.602;   2156.269
    11.240;      0.022;      0.303;    308.698;   2156.255
    11.260;      0.022;      0.303;    308.968;   2156.215
    11.280;      0.022;      0.303;    309.586;   2156.124
    11.300;      0.022;      0.304;    309.754;   2156.099
    11.320;      0.022;      0.303;    309.364;   2156.157
    11.340;      0.022;      0.303;    308.808;   2156.239
    11.360;      0.022;      0.302;    308.535;   2156.279
    11.380;      0.022;      0.302;    308.071;   2156.347
    11.400;      0.022;      0.302;    308.191;   2156.330
    11.420;      0.022;      0.302;    307.891;   2156.374
    11.440;      0.022;      0.301;    307.624;   2156.413
    11.460;      0.022;      0.301;    307.213;   2156.474
    11.480;      0.022;      0.301;    306.684;   2156.551
    11.500;      0.022;      0.300;    306.379;   2156.596
    11.520;      0.022;      0.301;    306.830;   2156.530
    11.540;      0.022;      0.301;    307.285;   2156.463
    11.560;      0.022;      0.301;    307.524;   2156.428
    11.580;      0.022;      0.302;    308.069;   2156.348
    11.600;      0.022;      0.302;    308.000;   2156.358
    11.620;      0.022;      0.302;    307.907;   2156.372
    11.640;      0.022;      0.301;    307.455;   2156.438
    11.660;      0.022;      0.301;    307.648;   2156.410
    11.680;      0.022;      0.302;    308.340;   2156.308
    11.700;      0.022;      0.303;    308.834;   2156.235
    11.720;      0.022;      0.303;    308.713;   2156.253
    11.740;      0.022;      0.301;    307.185;   2156.478
    11.760;      0.022;      0.300;    306.451;   2156.586
    11.780;      0.022;      0.300;    305.969;   2156.656
    11.800;      0.022;      0.299;    305.520;   2156.722
    11.820;      0.022;      0.298;    304.213;   2156.912
    11.840;      0.022;      0.297;    303.269;   2157.050
    11.860;      0.021;      0.296;    301.786;   2157.264
    11.880;      0.021;      0.295;    300.860;   2157.397
    11.900;      0.021;      0.294;    299.849;   2157.543
    11.920;      0.021;      0.293;    298.953;   2157.671
    11.940;      0.021;      0.294;    299.713;   2157.562
    11.960;      0.021;      0.294;    299.541;   2157.587
    11.980;      0.021;      0.293;    299.425;   2157.604
    12.000;      0.021;      0.293;    298.969;   2157.669
    12.020;      0.021;      0.294;    299.751;   2157.557
    12.040;      0.021;      0.295;    301.034;   2157.373
    12.060;      0.021;      0.295;    301.245;   2157.342
    12.080;      0.021;      0.295;    301.162;   2157.354
    12.100;      0.021;      0.295;    301.462;   2157.311
    12.120;      0.021;      0.296;    301.923;   2157.244
    12.140;      0.021;      0.296;    302.140;   2157.213
    12.160;      0.022;      0.296;    302.397;   2157.176
    12.180;      0.022;      0.296;    302.353;   2157.182
    12.200;      0.022;      0.297;    302.611;   2157.145
    12.220;      0.022;      0.296;    302.485;   2157.163
    12.240;      0.022;      0.296;    302.474;   2157.165
    12.260;      0.022;      0.297;    302.651;   2157.139
    12.280;      0.022;      0.297;    302.764;   2157.123
    12.300;      0.022;      0.297;    303.135;   2157.069
    12.320;      0.022;      0.297;    303.053;   2157.081
    12.340;      0.022;      0.297;    302.631;   2157.142
    12.360;      0.022;      0.296;    302.342;   2157.184
    12.380;      0.022;      0.296;    302.492;   2157.162
    12.400;      0.022;      0.296;    302.512;   2157.159
    12.420;      0.022;      0.296;    302.397;   2157.176
    12.440;      0.021;      0.296;    301.750;   2157.269
    12.460;      0.021;      0.296;    302.111;   2157.217
    12.480;      0.021;      0.296;    302.047;   2157.226
    12.500;      0.021;      0.296;    301.602;   2157.291
    12.520;      0.021;      0.296;    301.788;   2157.264
    12.540;      0.021;      0.295;    301.045;   2157.371
    12.560;      0.021;      0.295;    301.016;   2157.375
    12.580;      0.021;      0.295;    300.854;   2157.398
    12.600;      0.021;      0.295;    300.811;   2157.405
    12.620;      0.021;      0.295;    301.191;   2157.350
    12.640;      0.021;      0.296;    301.967;   2157.238
    12.660;      0.021;      0.295;    301.216;   2157.346
    12.680;      0.021;      0.295;    300.942;   2157.386
    12.700;      0.021;      0.295;    301.364;   2157.325
    12.720;      0.021;      0.295;    300.696;   2157.421
    12.740;      0.021;      0.295;    300.934;   2157.387
    12.760;      0.021;      0.295;    300.816;   2157.404
    12.780;      0.021;      0.295;    300.922;   2157.389
    12.800;      0.021;      0.295;    300.535;   2157.444
    12.820;      0.021;      0.294;    299.972;   2157.525
    12.840;      0.021;      0.293;    298.991;   2157.666
    12.860;      0.021;      0.293;    298.749;   2157.700
    12.880;      0.021;      0.293;    298.657;   2157.713
    12.900;      0.021;      0.292;    297.897;   2157.822
    12.920;      0.021;      0.292;    297.933;   2157.817
    12.940;      0.021;      0.292;    297.906;   2157.820
    12.960;      0.021;      0.292;    297.888;   2157.823
    12.980;      0.021;      0.292;    297.591;   2157.865
    13.000;      0.021;      0.292;    297.839;   2157.830
    13.020;      0.021;      0.292;    298.011;   2157.805
    13.040;      0.021;      0.292;    298.265;   2157.769
    13.060;      0.021;      0.292;    298.032;   2157.803
    13.080;      0.021;      0.292;    297.672;   2157.854
    13.100;      0.021;      0.292;    297.775;   2157.839
    13.120;      0.021;      0.292;    298.171;   2157.783
    13.140;      0.021;      0.292;    298.040;   2157.801
    13.160;      0.021;      0.292;    297.735;   2157.845
    13.180;      0.021;      0.291;    297.191;   2157.922
    13.200;      0.021;      0.291;    296.902;   2157.963
    13.220;      0.021;      0.291;    296.729;   2157.988
    13.240;      0.021;      0.291;    297.008;   2157.948
    13.260;      0.021;      0.291;    297.312;   2157.905
    13.280;      0.021;      0.291;    297.125;   2157.931
    13.300;      0.021;      0.291;    296.873;   2157.967
    13.320;      0.021;      0.290;    296.209;   2158.061
    13.340;      0.021;      0.290;    295.904;   2158.105
    13.360;      0.021;      0.289;    295.350;   2158.183
    13.380;      0.021;      0.289;    295.361;   2158.181
    13.400;      0.021;      0.289;    295.164;   2158.209
    13.420;      0.021;      0.289;    294.959;   2158.238
    13.440;      0.021;      0.288;    293.945;   2158.381
    13.460;      0.021;      0.287;    293.263;   2158.477
    13.480;      0.021;      0.287;    293.067;   2158.504
    13.500;      0.021;      0.286;    292.289;   2158.613
    13.520;      0.021;      0.286;    292.214;   2158.623
    13.540;      0.021;      0.287;    292.470;   2158.588
    13.560;      0.021;      0.287;    292.653;   2158.562
    13.580;      0.021;      0.287;    292.507;   2158.582
    13.600;      0.021;      0.287;    292.420;   2158.595
    13.620;      0.021;      0.287;    292.655;   2158.562
    13.640;      0.021;      0.286;    292.305;   2158.611
    13.660;      0.021;      0.287;    292.639;   2158.564
    13.680;      0.021;      0.287;    292.777;   2158.545
    13.700;      0.021;      0.288;    293.588;   2158.431
    13.720;      0.021;      0.287;    293.211;   2158.484
    13.740;      0.021;      0.287;    292.882;   2158.530
    13.760;      0.021;      0.287;    292.818;   2158.539
    13.780;      0.021;      0.287;    292.438;   2158.592
    13.800;      0.021;      0.286;    292.209;   2158.624
    13.820;      0.021;      0.286;    291.780;   2158.684
    13.840;      0.021;      0.286;    292.117;   2158.637
    13.860;      0.021;      0.286;    291.860;   2158.673
    13.880;      0.021;      0.286;    291.718;   2158.693
    13.900;      0.021;      0.285;    291.190;   2158.766
    13.920;      0.021;      0.285;    291.213;   2158.763
    13.940;      0.021;      0.285;    291.116;   2158.777
    13.960;      0.021;      0.285;    290.964;   2158.798
    13.980;      0.021;      0.285;    290.582;   2158.851
    14.000;      0.021;      0.284;    289.998;   2158.932
    14.020;      0.021;      0.284;    289.954;   2158.938
    14.040;      0.021;      0.284;    289.868;   2158.950
    14.060;      0.021;      0.284;    290.007;   2158.931
    14.080;      0.021;      0.284;    290.095;   2158.918
    14.100;      0.021;      0.284;    290.007;   2158.931
    14.120;      0.021;      0.284;    289.875;   2158.949
    14.140;      0.021;      0.284;    289.723;   2158.970
    14.160;      0.021;      0.284;    290.005;   2158.931
    14.180;      0.021;      0.284;    289.827;   2158.956
    14.200;      0.021;      0.284;    290.268;   2158.894
    14.220;      0.021;      0.284;    289.929;   2158.941
    14.240;      0.021;      0.284;    289.443;   2159.009
    14.260;      0.020;      0.282;    288.151;   2159.187
    14.280;      0.020;      0.282;    287.632;   2159.258
    14.300;      0.020;      0.282;    287.443;   2159.284
    14.320;      0.020;      0.281;    286.778;   2159.376
    14.340;      0.020;      0.281;    286.825;   2159.369
    14.360;      0.020;      0.280;    286.167;   2159.459
    14.380;      0.020;      0.281;    286.280;   2159.444
    14.400;      0.020;      0.280;    285.586;   2159.539
    14.420;      0.020;      0.280;    285.886;   2159.498
    14.440;      0.020;      0.280;    285.461;   2159.556
    14.460;      0.020;      0.280;    285.757;   2159.515
    14.480;      0.020;      0.280;    285.656;   2159.529
    14.500;      0.020;      0.280;    285.729;   2159.519
    14.520;      0.020;      0.280;    285.940;   2159.490
    14.540;      0.020;      0.280;    285.647;   2159.531
    14.560;      0.020;      0.280;    285.663;   2159.528
    14.580;      0.020;      0.280;    285.210;   2159.590
    14.600;      0.020;      0.279;    285.130;   2159.601
    14.620;      0.020;      0.280;    285.271;   2159.582
    14.640;      0.020;      0.280;    285.752;   2159.516
    14.660;      0.020;      0.280;    286.158;   2159.461
    14.680;      0.020;      0.280;    285.830;   2159.505
    14.700;      0.020;      0.280;    285.879;   2159.499
    14.720;      0.020;      0.280;    285.987;   2159.484
    14.740;      0.020;      0.280;    285.778;   2159.513
    14.760;      0.020;      0.280;    285.834;   2159.505
    14.780;      0.020;      0.280;    286.113;   2159.467
    14.800;      0.020;      0.281;    286.245;   2159.449
    14.820;      0.020;      0.280;    285.382;   2159.567
    14.840;      0.020;      0.280;    285.447;   2159.558
    14.860;      0.020;      0.280;    285.257;   2159.584
    14.880;      0.020;      0.280;    285.475;   2159.554
    14.900;      0.020;      0.279;    284.876;   2159.636
    14.920;      0.020;      0.279;    284.798;   2159.646
    14.940;      0.020;      0.279;    284.728;   2159.656
    14.960;      0.020;      0.279;    284.492;   2159.688
    14.980;      0.020;      0.279;    284.407;   2159.699
    15.000;      0.020;      0.279;    284.556;   2159.679
    15.020;      0.020;      0.279;    284.367;   2159.705
    15.040;      0.020;      0.278;    283.368;   2159.840
    15.060;      0.020;      0.277;    283.087;   2159.878
    15.080;      0.020;      0.277;    282.883;   2159.906
    15.100;      0.020;      0.277;    282.577;   2159.947
    15.120;      0.020;      0.277;    282.257;   2159.991
    15.140;      0.020;      0.277;    282.478;   2159.961
    15.160;      0.020;      0.276;    281.891;   2160.040
    15.180;      0.020;      0.276;    281.607;   2160.078
    15.200;      0.020;      0.276;    281.217;   2160.131
    15.220;      0.020;      0.275;    280.820;   2160.184
    15.240;      0.020;      0.276;    281.236;   2160.128
    15.260;      0.020;      0.276;    281.462;   2160.098
    15.280;      0.020;      0.275;    280.949;   2160.167
    15.300;      0.020;      0.275;    280.942;   2160.168
    15.320;      0.020;      0.276;    281.367;   2160.111
    15.340;      0.020;      0.276;    281.441;   2160.101
    15.360;      0.020;      0.276;    281.757;   2160.058
    15.380;      0.020;      0.276;    281.669;   2160.070
    15.400;      0.020;      0.276;    281.586;   2160.081
    15.420;      0.020;      0.276;    281.783;   2160.054
    15.440;      0.020;      0.276;    281.831;   2160.048
    15.460;      0.020;      0.276;    281.898;   2160.039
    15.480;      0.020;      0.277;    282.534;   2159.953
    15.500;      0.020;      0.277;    282.859;   2159.909
    15.520;      0.020;      0.277;    282.817;   2159.915
    15.540;      0.020;      0.277;    282.240;   2159.993
    15.560;      0.020;      0.277;    282.428;   2159.968
    15.580;      0.020;      0.277;    282.271;   2159.989
    15.600;      0.020;      0.277;    282.390;   2159.973
    15.620;      0.020;      0.277;    282.309;   2159.984
    15.640;      0.020;      0.277;    282.226;   2159.995
    15.660;      0.020;      0.276;    281.653;   2160.072
    15.680;      0.020;      0.275;    280.163;   2160.272
    15.700;      0.020;      0.274;    279.177;   2160.404
    15.720;      0.020;      0.273;    278.715;   2160.465
    15.740;      0.020;      0.272;    277.879;   2160.577
    15.760;      0.020;      0.271;    276.739;   2160.728
    15.780;      0.020;      0.271;    276.691;   2160.734
    15.800;      0.020;      0.271;    276.635;   2160.741
    15.820;      0.020;      0.271;    276.696;   2160.733
    15.840;      0.020;      0.270;    275.938;   2160.834
    15.860;      0.020;      0.271;    276.106;   2160.811
    15.880;      0.020;      0.272;    277.161;   2160.672
    15.900;      0.020;      0.272;    277.284;   2160.656
    15.920;      0.020;      0.271;    276.948;   2160.700
    15.940;      0.020;      0.272;    277.352;   2160.647
    15.960;      0.020;      0.272;    277.811;   2160.586
    15.980;      0.020;      0.273;    278.096;   2160.548
    16.000;      0.020;      0.272;    277.434;   2160.636
    16.020;      0.020;      0.271;    276.676;   2160.736
    16.040;      0.020;      0.272;    277.507;   2160.626
    16.060;      0.020;      0.272;    277.652;   2160.607
    16.080;      0.020;      0.271;    276.264;   2160.791
    16.100;      0.020;      0.270;    275.962;   2160.830
    16.120;      0.020;      0.271;    276.620;   2160.743
    16.140;      0.020;      0.271;    276.465;   2160.764
    16.160;      0.020;      0.271;    276.259;   2160.791
    16.180;      0.020;      0.270;    275.634;   2160.874
    16.200;      0.020;      0.270;    275.634;   2160.874
    16.220;      0.020;      0.270;    275.802;   2160.851
    16.240;      0.020;      0.270;    275.302;   2160.917
    16.260;      0.019;      0.269;    274.301;   2161.049
    16.280;      0.020;      0.269;    274.638;   2161.005
    16.300;      0.020;      0.269;    274.722;   2160.994
    16.320;      0.019;      0.268;    273.429;   2161.163
    16.340;      0.019;      0.268;    273.392;   2161.168
    16.360;      0.019;      0.267;    272.853;   2161.238
    16.380;      0.019;      0.267;    272.082;   2161.338
    16.400;      0.019;      0.266;    271.816;   2161.373
    16.420;      0.019;      0.266;    271.776;   2161.378
    16.440;      0.019;      0.266;    271.541;   2161.409
    16.460;      0.019;      0.266;    271.165;   2161.457
    16.480;      0.019;      0.266;    271.460;   2161.419
    16.500;      0.019;      0.266;    271.400;   2161.427
    16.520;      0.019;      0.266;    271.667;   2161.392
    16.540;      0.019;      0.266;    271.559;   2161.406
    16.560;      0.019;      0.266;    271.897;   2161.362
    16.580;      0.019;      0.267;    272.351;   2161.303
    16.600;      0.019;      0.267;    272.107;   2161.335
    16.620;      0.019;      0.266;    271.408;   2161.426
    16.640;      0.019;      0.266;    270.987;   2161.481
    16.660;      0.019;      0.266;    271.724;   2161.385
    16.680;      0.019;      0.266;    271.534;   2161.410
    16.700;      0.019;      0.266;    271.282;   2161.442
    16.720;      0.019;      0.266;    271.442;   2161.421
    16.740;      0.019;      0.265;    270.761;   2161.510
    16.760;      0.019;      0.264;    269.837;   2161.629
    16.780;      0.019;      0.264;    269.317;   2161.696
    16.800;      0.019;      0.264;    269.252;   2161.704
    16.820;      0.019;      0.264;    269.299;   2161.698
    16.840;      0.019;      0.264;    269.112;   2161.723
    16.860;      0.019;      0.264;    269.224;   2161.708
    16.880;      0.019;      0.264;    268.900;   2161.750
    16.900;      0.019;      0.263;    268.777;   2161.765
    16.920;      0.019;      0.262;    267.776;   2161.894
    16.940;      0.019;      0.263;    268.122;   2161.850
    16.960;      0.019;      0.264;    268.975;   2161.740
    16.980;      0.019;      0.264;    269.124;   2161.721
    17.000;      0.019;      0.264;    269.179;   2161.714
    17.020;      0.019;      0.265;    270.039;   2161.603
    17.040;      0.019;      0.265;    269.949;   2161.615
    17.060;      0.019;      0.264;    269.444;   2161.680
    17.080;      0.019;      0.264;    269.394;   2161.686
    17.100;      0.019;      0.264;    269.496;   2161.673
    17.120;      0.019;      0.265;    270.151;   2161.589
    17.140;      0.019;      0.265;    270.573;   2161.534
    17.160;      0.019;      0.265;    270.439;   2161.551
    17.180;      0.019;      0.265;    270.126;   2161.592
    17.200;      0.019;      0.265;    270.046;   2161.602
    17.220;      0.019;      0.264;    269.551;   2161.666
    17.240;      0.019;      0.264;    269.523;   2161.670
    17.260;      0.019;      0.263;    268.355;   2161.820
    17.280;      0.019;      0.263;    268.092;   2161.853
    17.300;      0.019;      0.262;    267.605;   2161.916
    17.320;      0.019;      0.262;    267.439;   2161.937
    17.340;      0.019;      0.261;    266.445;   2162.064
    17.360;      0.019;      0.260;    265.303;   2162.209
    17.380;      0.019;      0.260;    264.946;   2162.254
    17.400;      0.019;      0.259;    263.919;   2162.384
    17.420;      0.019;      0.258;    263.116;   2162.485
    17.440;      0.019;      0.257;    262.576;   2162.553
    17.460;      0.019;      0.257;    262.456;   2162.568
    17.480;      0.019;      0.257;    262.169;   2162.604
    17.500;      0.019;      0.257;    261.974;   2162.628
    17.520;      0.019;      0.256;    261.684;   2162.664
    17.540;      0.019;      0.257;    262.510;   2162.561
    17.560;      0.019;      0.258;    263.126;   2162.484
    17.580;      0.019;      0.258;    263.208;   2162.473
    17.600;      0.019;      0.259;    263.978;   2162.376
    17.620;      0.019;      0.259;    264.336;   2162.331
    17.640;      0.019;      0.259;    264.217;   2162.346
    17.660;      0.019;      0.259;    264.433;   2162.319
    17.680;      0.019;      0.259;    264.555;   2162.304
    17.700;      0.019;      0.259;    264.514;   2162.309
    17.720;      0.019;      0.259;    264.611;   2162.296
    17.740;      0.019;      0.259;    263.967;   2162.378
    17.760;      0.019;      0.258;    263.567;   2162.428
    17.780;      0.019;      0.258;    263.718;   2162.409
    17.800;      0.019;      0.259;    264.021;   2162.371
    17.820;      0.019;      0.258;    263.733;   2162.407
    17.840;      0.019;      0.259;    264.110;   2162.360
    17.860;      0.019;      0.259;    264.433;   2162.319
    17.880;      0.019;      0.259;    264.224;   2162.345
    17.900;      0.019;      0.259;    264.446;   2162.317
    17.920;      0.019;      0.259;    264.288;   2162.337
    17.940;      0.019;      0.259;    263.756;   2162.404
    17.960;      0.019;      0.259;    264.087;   2162.363
    17.980;      0.019;      0.258;    263.256;   2162.467
    18.000;      0.019;      0.258;    262.735;   2162.533
    18.020;      0.019;      0.257;    262.586;   2162.551
    18.040;      0.019;      0.257;    262.348;   2162.581
    18.060;      0.019;      0.257;    262.358;   2162.580
    18.080;      0.019;      0.257;    262.712;   2162.536
    18.100;      0.019;      0.256;    261.558;   2162.680
    18.120;      0.018;      0.255;    260.528;   2162.809
    18.140;      0.018;      0.255;    260.081;   2162.864
    18.160;      0.018;      0.255;    259.680;   2162.914
    18.180;      0.018;      0.255;    259.972;   2162.878
    18.200;      0.018;      0.254;    258.842;   2163.018
    18.220;      0.018;      0.254;    258.780;   2163.025
    18.240;      0.018;      0.253;    257.757;   2163.152
    18.260;      0.018;      0.252;    257.271;   2163.212
    18.280;      0.018;      0.252;    256.753;   2163.275
    18.300;      0.018;      0.252;    256.627;   2163.291
    18.320;      0.018;      0.252;    256.852;   2163.263
    18.340;      0.018;      0.252;    256.740;   2163.277
    18.360;      0.018;      0.251;    256.094;   2163.356
    18.380;      0.018;      0.251;    255.776;   2163.395
    18.400;      0.018;      0.251;    255.992;   2163.368
    18.420;      0.018;      0.250;    255.292;   2163.454
    18.440;      0.018;      0.251;    255.771;   2163.395
    18.460;      0.018;      0.250;    255.392;   2163.442
    18.480;      0.018;      0.249;    254.439;   2163.558
    18.500;      0.018;      0.249;    254.363;   2163.567
    18.520;      0.018;      0.248;    253.470;   2163.675
    18.540;      0.018;      0.248;    252.805;   2163.756
    18.560;      0.018;      0.247;    252.414;   2163.803
    18.580;      0.018;      0.247;    252.029;   2163.849
    18.600;      0.018;      0.247;    251.941;   2163.860
    18.620;      0.018;      0.247;    251.744;   2163.883
    18.640;      0.018;      0.246;    251.072;   2163.964
    18.660;      0.018;      0.245;    250.417;   2164.043
    18.680;      0.018;      0.246;    250.785;   2163.999
    18.700;      0.018;      0.246;    251.053;   2163.966
    18.720;      0.018;      0.246;    251.168;   2163.953
    18.740;      0.018;      0.246;    251.342;   2163.932
    18.760;      0.018;      0.246;    250.967;   2163.977
    18.780;      0.018;      0.246;    250.806;   2163.996
    18.800;      0.018;      0.246;    250.747;   2164.003
    18.820;      0.018;      0.246;    250.602;   2164.020
    18.840;      0.018;      0.246;    250.610;   2164.019
    18.860;      0.018;      0.246;    250.589;   2164.022
    18.880;      0.018;      0.246;    251.021;   2163.970
    18.900;      0.018;      0.246;    250.921;   2163.982
    18.920;      0.018;      0.246;    250.562;   2164.025
    18.940;      0.018;      0.246;    250.895;   2163.985
    18.960;      0.018;      0.246;    251.473;   2163.916
    18.980;      0.018;      0.247;    251.722;   2163.886
    19.000;      0.018;      0.246;    251.337;   2163.932
    19.020;      0.018;      0.246;    250.908;   2163.984
    19.040;      0.018;      0.246;    250.709;   2164.008
    19.060;      0.018;      0.246;    250.929;   2163.981
    19.080;      0.018;      0.245;    250.129;   2164.077
    19.100;      0.018;      0.245;    249.711;   2164.127
    19.120;      0.018;      0.245;    249.965;   2164.097
    19.140;      0.018;      0.245;    249.711;   2164.127
    19.160;      0.018;      0.244;    248.950;   2164.218
    19.180;      0.018;      0.244;    248.617;   2164.257
    19.200;      0.018;      0.244;    249.074;   2164.203
    19.220;      0.018;      0.245;    249.574;   2164.143
    19.240;      0.018;      0.244;    249.237;   2164.183
    19.260;      0.018;      0.244;    249.188;   2164.189
    19.280;      0.018;      0.244;    249.461;   2164.157
    19.300;      0.018;      0.245;    249.488;   2164.154
    19.320;      0.018;      0.245;    249.760;   2164.121
    19.340;      0.018;      0.245;    249.922;   2164.102
    19.360;      0.018;      0.246;    250.935;   2163.981
    19.380;      0.018;      0.246;    250.683;   2164.011
    19.400;      0.018;      0.245;    250.121;   2164.078
    19.420;      0.018;      0.245;    250.140;   2164.076
    19.440;      0.018;      0.246;    250.704;   2164.008
    19.460;      0.018;      0.245;    250.398;   2164.045
    19.480;      0.018;      0.245;    249.989;   2164.094
    19.500;      0.018;      0.245;    250.183;   2164.071
    19.520;      0.018;      0.245;    249.466;   2164.156
    19.540;      0.018;      0.244;    249.207;   2164.187
    19.560;      0.018;      0.243;    248.205;   2164.306
    19.580;      0.018;      0.243;    248.311;   2164.293
    19.600;      0.018;      0.243;    248.121;   2164.316
    19.620;      0.018;      0.243;    247.581;   2164.380
    19.640;      0.018;      0.242;    247.134;   2164.433
    19.660;      0.018;      0.242;    247.295;   2164.414
    19.680;      0.018;      0.242;    247.118;   2164.435
    19.700;      0.017;      0.242;    246.534;   2164.503
    19.720;      0.018;      0.242;    246.796;   2164.473
    19.740;      0.017;      0.242;    246.758;   2164.477
    19.760;      0.018;      0.242;    246.962;   2164.453
    19.780;      0.017;      0.242;    246.654;   2164.489
    19.800;      0.018;      0.242;    247.066;   2164.441
    19.820;      0.018;      0.242;    247.159;   2164.430
    19.840;      0.018;      0.242;    246.965;   2164.453
    19.860;      0.017;      0.242;    246.761;   2164.477
    19.880;      0.018;      0.242;    246.840;   2164.467
    19.900;      0.017;      0.242;    246.578;   2164.498
    19.920;      0.018;      0.242;    246.889;   2164.462
    19.940;      0.018;      0.242;    247.063;   2164.441
    19.960;      0.017;      0.242;    246.496;   2164.508
    19.980;      0.017;      0.241;    246.222;   2164.540
    20.000;      0.017;      0.241;    245.601;   2164.613
    20.020;      0.017;      0.240;    245.318;   2164.646
    20.040;      0.017;      0.240;    245.236;   2164.656
    20.060;      0.017;      0.240;    244.887;   2164.697
    20.080;      0.017;      0.240;    244.457;   2164.747
    20.100;      0.017;      0.240;    244.843;   2164.702
    20.120;      0.017;      0.239;    244.011;   2164.799
    20.140;      0.017;      0.238;    243.322;   2164.879
    20.160;      0.017;      0.239;    243.475;   2164.861
    20.180;      0.017;      0.239;    244.350;   2164.759
    20.200;      0.017;      0.240;    244.430;   2164.750
    20.220;      0.017;      0.240;    244.433;   2164.750
    20.240;      0.017;      0.239;    243.845;   2164.818
    20.260;      0.017;      0.239;    243.679;   2164.838
    20.280;      0.017;      0.239;    243.499;   2164.859
    20.300;      0.017;      0.238;    242.929;   2164.925
    20.320;      0.017;      0.238;    243.054;   2164.910
    20.340;      0.017;      0.238;    243.062;   2164.909
    20.360;      0.017;      0.238;    242.582;   2164.965
    20.380;      0.017;      0.237;    241.617;   2165.077
    20.400;      0.017;      0.237;    241.748;   2165.062
    20.420;      0.017;      0.237;    241.591;   2165.080
    20.440;      0.017;      0.237;    242.051;   2165.026
    20.460;      0.017;      0.237;    241.887;   2165.045
    20.480;      0.017;      0.237;    241.753;   2165.061
    20.500;      0.017;      0.237;    241.393;   2165.102
    20.520;      0.017;      0.236;    241.209;   2165.124
    20.540;      0.017;      0.236;    241.164;   2165.129
    20.560;      0.017;      0.237;    241.762;   2165.060
    20.580;      0.017;      0.237;    241.647;   2165.073
    20.600;      0.017;      0.236;    240.868;   2165.163
    20.620;      0.017;      0.236;    240.386;   2165.218
    20.640;      0.017;      0.236;    240.664;   2165.186
    20.660;      0.017;      0.236;    240.941;   2165.155
    20.680;      0.017;      0.236;    240.893;   2165.160
    20.700;      0.017;      0.237;    241.430;   2165.098
    20.720;      0.017;      0.236;    240.952;   2165.153
    20.740;      0.017;      0.235;    240.221;   2165.237
    20.760;      0.017;      0.234;    239.048;   2165.371
    20.780;      0.017;      0.234;    238.523;   2165.431
    20.800;      0.017;      0.233;    238.144;   2165.474
    20.820;      0.017;      0.233;    238.229;   2165.465
    20.840;      0.017;      0.232;    237.214;   2165.580
    20.860;      0.017;      0.232;    236.312;   2165.682
    20.880;      0.017;      0.231;    236.063;   2165.710
    20.900;      0.017;      0.231;    235.841;   2165.735
    20.920;      0.017;      0.231;    235.537;   2165.769
    20.940;      0.017;      0.231;    235.197;   2165.808
    20.960;      0.017;      0.231;    235.294;   2165.797
    20.980;      0.017;      0.231;    235.466;   2165.777
    21.000;      0.017;      0.230;    235.131;   2165.815
    21.020;      0.017;      0.230;    234.686;   2165.865
    21.040;      0.017;      0.230;    234.433;   2165.893
    21.060;      0.017;      0.230;    234.611;   2165.873
    21.080;      0.017;      0.230;    234.588;   2165.876
    21.100;      0.017;      0.229;    233.609;   2165.985
    21.120;      0.017;      0.229;    233.785;   2165.966
    21.140;      0.017;      0.229;    233.776;   2165.967
    21.160;      0.017;      0.229;    233.421;   2166.006
    21.180;      0.016;      0.228;    232.216;   2166.140
    21.200;      0.016;      0.228;    232.138;   2166.149
    21.220;      0.016;      0.227;    231.786;   2166.188
    21.240;      0.016;      0.227;    231.870;   2166.178
    21.260;      0.016;      0.227;    231.704;   2166.197
    21.280;      0.016;      0.227;    231.285;   2166.243
    21.300;      0.016;      0.227;    231.203;   2166.252
    21.320;      0.016;      0.226;    230.829;   2166.293
    21.340;      0.016;      0.226;    230.675;   2166.310
    21.360;      0.016;      0.226;    230.590;   2166.320
    21.380;      0.016;      0.227;    231.133;   2166.260
    21.400;      0.016;      0.227;    231.113;   2166.262
    21.420;      0.016;      0.227;    231.101;   2166.264
    21.440;      0.016;      0.226;    230.443;   2166.336
    21.460;      0.016;      0.225;    230.013;   2166.383
    21.480;      0.016;      0.225;    229.296;   2166.462
    21.500;      0.016;      0.225;    229.631;   2166.425
    21.520;      0.016;      0.225;    229.116;   2166.482
    21.540;      0.016;      0.225;    229.119;   2166.481
    21.560;      0.016;      0.225;    229.331;   2166.458
    21.580;      0.016;      0.225;    229.302;   2166.461
    21.600;      0.016;      0.224;    229.008;   2166.493
    21.620;      0.016;      0.225;    229.361;   2166.455
    21.640;      0.016;      0.225;    229.983;   2166.387
    21.660;      0.016;      0.225;    229.972;   2166.388
    21.680;      0.016;      0.225;    230.069;   2166.377
    21.700;      0.016;      0.225;    229.134;   2166.480
    21.720;      0.016;      0.225;    229.420;   2166.448
    21.740;      0.016;      0.225;    229.437;   2166.446
    21.760;      0.016;      0.225;    229.320;   2166.459
    21.780;      0.016;      0.224;    228.863;   2166.509
    21.800;      0.016;      0.224;    229.028;   2166.491
    21.820;      0.016;      0.223;    227.405;   2166.668
    21.840;      0.016;      0.222;    226.436;   2166.773
    21.860;      0.016;      0.222;    226.325;   2166.785
    21.880;      0.016;      0.222;    226.513;   2166.765
    21.900;      0.016;      0.222;    226.951;   2166.717
    21.920;      0.016;      0.222;    226.656;   2166.749
    21.940;      0.016;      0.221;    225.803;   2166.841
    21.960;      0.016;      0.221;    225.298;   2166.896
    21.980;      0.016;      0.221;    225.729;   2166.849
    22.000;      0.016;      0.220;    224.842;   2166.945
    22.020;      0.016;      0.221;    225.384;   2166.886
    22.040;      0.016;      0.221;    225.717;   2166.851
    22.060;      0.016;      0.221;    225.779;   2166.844
    22.080;      0.016;      0.221;    225.286;   2166.897
    22.100;      0.016;      0.221;    224.986;   2166.929
    22.120;      0.016;      0.221;    225.103;   2166.917
    22.140;      0.016;      0.221;    224.977;   2166.930
    22.160;      0.016;      0.220;    224.788;   2166.951
    22.180;      0.016;      0.220;    223.997;   2167.035
    22.200;      0.016;      0.219;    223.743;   2167.062
    22.220;      0.016;      0.220;    224.177;   2167.016
    22.240;      0.016;      0.220;    223.951;   2167.040
    22.260;      0.016;      0.219;    223.638;   2167.074
    22.280;      0.016;      0.219;    223.487;   2167.090
    22.300;      0.016;      0.219;    223.151;   2167.126
    22.320;      0.016;      0.219;    222.948;   2167.147
    22.340;      0.016;      0.219;    223.030;   2167.138
    22.360;      0.016;      0.219;    223.520;   2167.086
    22.380;      0.016;      0.219;    223.169;   2167.124
    22.400;      0.016;      0.219;    223.774;   2167.059
    22.420;      0.016;      0.219;    223.617;   2167.076
    22.440;      0.016;      0.219;    223.169;   2167.124
    22.460;      0.016;      0.218;    222.588;   2167.185
    22.480;      0.016;      0.219;    223.206;   2167.120
    22.500;      0.016;      0.219;    223.127;   2167.128
    22.520;      0.016;      0.218;    222.758;   2167.167
    22.540;      0.016;      0.218;    222.397;   2167.206
    22.560;      0.016;      0.217;    221.454;   2167.306
    22.580;      0.016;      0.217;    221.786;   2167.271
    22.600;      0.016;      0.217;    221.426;   2167.309
    22.620;      0.016;      0.216;    220.436;   2167.413
    22.640;      0.016;      0.217;    220.965;   2167.357
    22.660;      0.016;      0.217;    221.088;   2167.344
    22.680;      0.016;      0.216;    220.255;   2167.432
    22.700;      0.016;      0.216;    220.194;   2167.438
    22.720;      0.016;      0.215;    219.595;   2167.501
    22.740;      0.016;      0.215;    219.254;   2167.537
    22.760;      0.016;      0.215;    219.525;   2167.509
    22.780;      0.016;      0.215;    219.626;   2167.498
    22.800;      0.016;      0.215;    219.767;   2167.483
    22.820;      0.016;      0.216;    220.022;   2167.457
    22.840;      0.016;      0.215;    219.149;   2167.548
    22.860;      0.015;      0.215;    218.859;   2167.578
    22.880;      0.015;      0.214;    218.726;   2167.592
    22.900;      0.015;      0.214;    218.204;   2167.647
    22.920;      0.015;      0.214;    218.417;   2167.624
    22.940;      0.015;      0.214;    218.421;   2167.624
    22.960;      0.015;      0.214;    217.966;   2167.672
    22.980;      0.015;      0.213;    217.351;   2167.735
    23.000;      0.015;      0.212;    216.701;   2167.803
    23.020;      0.015;      0.212;    216.348;   2167.839
    23.040;      0.015;      0.212;    216.386;   2167.835
    23.060;      0.015;      0.212;    215.898;   2167.886
    23.080;      0.015;      0.211;    215.359;   2167.941
    23.100;      0.015;      0.211;    215.782;   2167.898
    23.120;      0.015;      0.211;    215.184;   2167.959
    23.140;      0.015;      0.211;    215.538;   2167.923
    23.160;      0.015;      0.211;    215.397;   2167.937
    23.180;      0.015;      0.211;    215.419;   2167.935
    23.200;      0.015;      0.211;    215.001;   2167.978
    23.220;      0.015;      0.210;    214.605;   2168.019
    23.240;      0.015;      0.210;    214.066;   2168.074
    23.260;      0.015;      0.210;    213.757;   2168.105
    23.280;      0.015;      0.209;    213.431;   2168.138
    23.300;      0.015;      0.208;    212.482;   2168.235
    23.320;      0.015;      0.208;    212.336;   2168.250
    23.340;      0.015;      0.207;    211.158;   2168.369
    23.360;      0.015;      0.207;    210.777;   2168.407
    23.380;      0.015;      0.206;    210.257;   2168.459
    23.400;      0.015;      0.206;    210.164;   2168.469
    23.420;      0.015;      0.205;    209.552;   2168.530
    23.440;      0.015;      0.206;    209.993;   2168.486
    23.460;      0.015;      0.206;    209.716;   2168.514
    23.480;      0.015;      0.205;    209.616;   2168.524
    23.500;      0.015;      0.205;    209.584;   2168.527
    23.520;      0.015;      0.206;    209.938;   2168.491
    23.540;      0.015;      0.205;    209.390;   2168.546
    23.560;      0.015;      0.205;    209.161;   2168.569
    23.580;      0.015;      0.205;    208.828;   2168.602
    23.600;      0.015;      0.204;    208.131;   2168.672
    23.620;      0.015;      0.204;    208.238;   2168.661
    23.640;      0.015;      0.203;    207.099;   2168.774
    23.660;      0.015;      0.203;    207.604;   2168.724
    23.680;      0.015;      0.203;    206.867;   2168.797
    23.700;      0.015;      0.203;    206.785;   2168.805
    23.720;      0.015;      0.202;    206.015;   2168.881
    23.740;      0.015;      0.202;    206.415;   2168.841
    23.760;      0.015;      0.202;    206.284;   2168.854
    23.780;      0.015;      0.202;    205.894;   2168.893
    23.800;      0.015;      0.202;    206.248;   2168.858
    23.820;      0.015;      0.203;    207.141;   2168.770
    23.840;      0.015;      0.203;    207.343;   2168.750
    23.860;      0.015;      0.202;    206.337;   2168.849
    23.880;      0.015;      0.202;    206.559;   2168.827
    23.900;      0.015;      0.202;    206.025;   2168.880
    23.920;      0.015;      0.202;    205.608;   2168.921
    23.940;      0.015;      0.202;    205.582;   2168.923
    23.960;      0.015;      0.201;    204.962;   2168.984
    23.980;      0.014;      0.201;    204.702;   2169.010
    24.000;      0.014;      0.200;    204.338;   2169.045
    24.020;      0.014;      0.199;    202.790;   2169.195
    24.040;      0.014;      0.198;    202.332;   2169.240
    24.060;      0.014;      0.198;    201.746;   2169.296
    24.080;      0.014;      0.197;    201.276;   2169.341
    24.100;      0.014;      0.197;    200.603;   2169.406
    24.120;      0.014;      0.196;    199.792;   2169.483
    24.140;      0.014;      0.194;    198.389;   2169.617
    24.160;      0.014;      0.193;    197.294;   2169.720
    24.180;      0.014;      0.193;    196.948;   2169.753
    24.200;      0.014;      0.192;    196.076;   2169.834
    24.220;      0.014;      0.192;    195.478;   2169.890
    24.240;      0.014;      0.190;    194.172;   2170.012
    24.260;      0.014;      0.190;    194.252;   2170.004
    24.280;      0.014;      0.190;    193.551;   2170.069
    24.300;      0.014;      0.189;    192.534;   2170.163
    24.320;      0.014;      0.189;    192.439;   2170.171
    24.340;      0.014;      0.188;    192.309;   2170.183
    24.360;      0.014;      0.188;    192.087;   2170.204
    24.380;      0.014;      0.187;    191.129;   2170.291
    24.400;      0.013;      0.187;    190.626;   2170.337
    24.420;      0.013;      0.186;    189.718;   2170.420
    24.440;      0.013;      0.186;    190.113;   2170.384
    24.460;      0.013;      0.186;    189.432;   2170.445
    24.480;      0.013;      0.186;    189.728;   2170.419
    24.500;      0.013;      0.186;    189.921;   2170.401
    24.520;      0.013;      0.186;    189.568;   2170.433
    24.540;      0.013;      0.186;    189.428;   2170.446
    24.560;      0.013;      0.186;    189.611;   2170.429
    24.580;      0.013;      0.186;    189.389;   2170.449
    24.600;      0.013;      0.186;    189.335;   2170.454
    24.620;      0.013;      0.185;    189.146;   2170.471
    24.640;      0.013;      0.184;    188.054;   2170.569
    24.660;      0.013;      0.184;    188.004;   2170.574
    24.680;      0.013;      0.184;    187.517;   2170.618
    24.700;      0.013;      0.183;    187.199;   2170.646
    24.720;      0.013;      0.183;    186.390;   2170.718
    24.740;      0.013;      0.182;    185.443;   2170.802
    24.760;      0.013;      0.181;    184.920;   2170.848
    24.780;      0.013;      0.181;    184.814;   2170.858
    24.800;      0.013;      0.181;    184.201;   2170.912
    24.820;      0.013;      0.180;    183.777;   2170.949
    24.840;      0.013;      0.180;    183.508;   2170.972
    24.860;      0.013;      0.179;    182.182;   2171.088
    24.880;      0.013;      0.177;    180.767;   2171.211
    24.900;      0.013;      0.177;    180.155;   2171.263
    24.920;      0.013;      0.176;    179.325;   2171.334
    24.940;      0.013;      0.176;    179.457;   2171.323
    24.960;      0.013;      0.175;    178.553;   2171.400
    24.980;      0.013;      0.174;    177.674;   2171.475
    25.000;      0.012;      0.173;    176.602;   2171.566
    25.020;      0.012;      0.172;    175.740;   2171.638
    25.040;      0.012;      0.172;    175.083;   2171.693
    25.060;      0.012;      0.171;    174.583;   2171.735
    25.080;      0.012;      0.171;    174.688;   2171.726
    25.100;      0.012;      0.171;    174.120;   2171.773
    25.120;      0.012;      0.171;    174.245;   2171.763
    25.140;      0.012;      0.170;    173.019;   2171.864
    25.160;      0.012;      0.169;    172.450;   2171.911
    25.180;      0.012;      0.169;    172.367;   2171.918
    25.200;      0.012;      0.168;    171.812;   2171.964
    25.220;      0.012;      0.168;    171.484;   2171.991
    25.240;      0.012;      0.167;    170.675;   2172.057
    25.260;      0.012;      0.167;    170.273;   2172.089
    25.280;      0.012;      0.166;    169.375;   2172.162
    25.300;      0.012;      0.165;    168.040;   2172.269
    25.320;      0.012;      0.164;    167.490;   2172.313
    25.340;      0.012;      0.164;    167.498;   2172.313
    25.360;      0.012;      0.164;    166.971;   2172.355
    25.380;      0.012;      0.162;    165.256;   2172.491
    25.400;      0.012;      0.162;    164.927;   2172.517
    25.420;      0.012;      0.161;    163.908;   2172.597
    25.440;      0.012;      0.161;    164.181;   2172.575
    25.460;      0.012;      0.160;    163.738;   2172.610
    25.480;      0.012;      0.160;    163.406;   2172.636
    25.500;      0.012;      0.160;    163.402;   2172.636
    25.520;      0.012;      0.160;    162.874;   2172.677
    25.540;      0.011;      0.159;    161.980;   2172.746
    25.560;      0.011;      0.158;    160.988;   2172.823
    25.580;      0.011;      0.158;    161.636;   2172.773
    25.600;      0.011;      0.158;    161.153;   2172.810
    25.620;      0.011;      0.158;    161.687;   2172.769
    25.640;      0.011;      0.157;    160.368;   2172.870
    25.660;      0.011;      0.156;    159.225;   2172.957
    25.680;      0.011;      0.155;    158.580;   2173.006
    25.700;      0.011;      0.156;    159.200;   2172.959
    25.720;      0.011;      0.156;    158.738;   2172.994
    25.740;      0.011;      0.155;    157.881;   2173.059
    25.760;      0.011;      0.155;    158.100;   2173.043
    25.780;      0.011;      0.154;    157.330;   2173.100
    25.800;      0.011;      0.153;    156.560;   2173.158
    25.820;      0.011;      0.153;    155.873;   2173.209
    25.840;      0.011;      0.152;    155.385;   2173.246
    25.860;      0.011;      0.152;    155.363;   2173.247
    25.880;      0.011;      0.151;    154.315;   2173.324
    25.900;      0.011;      0.149;    152.335;   2173.469
    25.920;      0.011;      0.148;    151.432;   2173.535
    25.940;      0.011;      0.148;    151.010;   2173.565
    25.960;      0.011;      0.147;    149.664;   2173.662
    25.980;      0.010;      0.146;    148.612;   2173.736
    26.000;      0.010;      0.145;    147.888;   2173.788
    26.020;      0.010;      0.144;    146.680;   2173.872
    26.040;      0.010;      0.144;    146.481;   2173.886
    26.060;      0.010;      0.142;    144.966;   2173.992
    26.080;      0.010;      0.141;    143.865;   2174.067
    26.100;      0.010;      0.141;    143.467;   2174.095
    26.120;      0.010;      0.141;    143.822;   2174.070
    26.140;      0.010;      0.140;    142.793;   2174.141
    26.160;      0.010;      0.141;    143.382;   2174.100
    26.180;      0.010;      0.140;    142.988;   2174.127
    26.200;      0.010;      0.139;    141.953;   2174.198
    26.220;      0.010;      0.138;    141.210;   2174.248
    26.240;      0.010;      0.138;    140.292;   2174.310
    26.260;      0.010;      0.137;    139.437;   2174.366
    26.280;      0.010;      0.137;    140.147;   2174.319
    26.300;      0.010;      0.138;    140.829;   2174.274
    26.320;      0.010;      0.136;    138.988;   2174.396
    26.340;      0.010;      0.137;    139.271;   2174.377
    26.360;      0.010;      0.135;    137.962;   2174.464
    26.380;      0.010;      0.134;    137.192;   2174.515
    26.400;      0.010;      0.136;    138.341;   2174.439
    26.420;      0.010;      0.136;    138.876;   2174.404
    26.440;      0.010;      0.135;    138.149;   2174.452
    26.460;      0.010;      0.137;    139.349;   2174.372
    26.480;      0.010;      0.136;    138.738;   2174.413
    26.500;      0.010;      0.134;    136.904;   2174.533
    26.520;      0.010;      0.134;    136.720;   2174.545
    26.540;      0.010;      0.133;    135.777;   2174.607
    26.560;      0.010;      0.133;    135.552;   2174.621
    26.580;      0.010;      0.133;    135.737;   2174.609
    26.600;      0.009;      0.132;    134.439;   2174.693
    26.620;      0.009;      0.130;    132.647;   2174.807
    26.640;      0.009;      0.130;    132.242;   2174.833
    26.660;      0.009;      0.128;    131.007;   2174.910
    26.680;      0.009;      0.128;    130.158;   2174.963
    26.700;      0.009;      0.128;    130.231;   2174.958
    26.720;      0.009;      0.127;    129.860;   2174.981
    26.740;      0.009;      0.127;    129.902;   2174.979
    26.760;      0.009;      0.126;    128.993;   2175.035
    26.780;      0.009;      0.126;    128.311;   2175.077
    26.800;      0.009;      0.126;    128.269;   2175.079
    26.820;      0.009;      0.126;    128.428;   2175.070
    26.840;      0.009;      0.126;    128.147;   2175.087
    26.860;      0.009;      0.125;    127.530;   2175.124
    26.880;      0.009;      0.124;    126.840;   2175.166
    26.900;      0.009;      0.124;    126.668;   2175.177
    26.920;      0.009;      0.124;    126.448;   2175.190
    26.940;      0.009;      0.123;    125.069;   2175.272
    26.960;      0.009;      0.122;    124.157;   2175.327
    26.980;      0.009;      0.120;    122.030;   2175.452
    27.000;      0.009;      0.119;    121.410;   2175.487
    27.020;      0.009;      0.119;    121.236;   2175.498
    27.040;      0.008;      0.118;    120.431;   2175.544
    27.060;      0.008;      0.118;    120.221;   2175.556
    27.080;      0.009;      0.118;    120.651;   2175.531
    27.100;      0.009;      0.119;    121.157;   2175.502
    27.120;      0.008;      0.117;    119.409;   2175.602
    27.140;      0.008;      0.117;    119.489;   2175.598
    27.160;      0.008;      0.118;    120.233;   2175.555
    27.180;      0.009;      0.119;    121.622;   2175.475
    27.200;      0.009;      0.118;    120.656;   2175.531
    27.220;      0.008;      0.118;    120.034;   2175.567
    27.240;      0.008;      0.117;    119.688;   2175.586
    27.260;      0.008;      0.117;    119.101;   2175.620
    27.280;      0.008;      0.116;    118.701;   2175.643
    27.300;      0.008;      0.115;    116.898;   2175.744
    27.320;      0.008;      0.115;    117.137;   2175.730
    27.340;      0.008;      0.113;    115.334;   2175.830
    27.360;      0.008;      0.112;    114.540;   2175.874
    27.380;      0.008;      0.111;    113.063;   2175.954
    27.400;      0.008;      0.111;    112.738;   2175.971
    27.420;      0.008;      0.108;    110.672;   2176.081
    27.440;      0.008;      0.108;    109.926;   2176.121
    27.460;      0.008;      0.108;    110.604;   2176.085
    27.480;      0.008;      0.107;    109.566;   2176.140
    27.500;      0.008;      0.106;    108.435;   2176.198
    27.520;      0.007;      0.104;    105.746;   2176.335
    27.540;      0.007;      0.104;    106.119;   2176.317
    27.560;      0.007;      0.103;    104.633;   2176.391
    27.580;      0.007;      0.103;    104.932;   2176.376
    27.600;      0.007;      0.102;    103.934;   2176.426
    27.620;      0.007;      0.103;    104.880;   2176.379
    27.640;      0.007;      0.103;    104.899;   2176.378
    27.660;      0.007;      0.101;    103.165;   2176.464
    27.680;      0.007;      0.100;    101.816;   2176.530
    27.700;      0.007;      0.100;    102.037;   2176.519
    27.720;      0.007;      0.102;    104.327;   2176.407
    27.740;      0.007;      0.102;    103.626;   2176.441
    27.760;      0.007;      0.102;    103.928;   2176.426
    27.780;      0.007;      0.100;    101.950;   2176.523
    27.800;      0.007;      0.099;    101.152;   2176.562
    27.820;      0.007;      0.100;    101.823;   2176.530
    27.840;      0.007;      0.100;    101.722;   2176.534
    27.860;      0.007;      0.099;    101.481;   2176.546
    27.880;      0.007;      0.100;    102.456;   2176.499
    27.900;      0.007;      0.101;    102.728;   2176.485
    27.920;      0.007;      0.100;    102.390;   2176.502
    27.940;      0.007;      0.100;    102.469;   2176.498
    27.960;      0.007;      0.100;    101.930;   2176.524
    27.980;      0.007;      0.100;    102.123;   2176.515
    28.000;      0.007;      0.101;    102.861;   2176.479
    28.020;      0.000;      0.000;      0.000;      0.000
